mesh,mesh_s,setup_s,solve_s
32,1.8895971775054932,8.733323097229004,31.150834560394287
