mesh,mesh_s,setup_s,solve_s
2048,1776.6898789405823,53.29392886161804,918.2476823329926
