mesh,mesh_s,setup_s,solve_s
128,10.531677007675171,7.251859188079834,127.92764496803284
