mesh,mesh_s,setup_s,solve_s
96,4.92939829826355,10.739722967147827,160.05834484100342
