mesh,mesh_s,setup_s,solve_s
2048,1850.6245777606964,168.90364146232605,1222.4280967712402
