mesh,mesh_s,setup_s,solve_s
1024,417.1507980823517,278.57671666145325,871.8449683189392
