mesh,mesh_s,setup_s,solve_s
512,108.51746654510498,28.456688404083252,349.74955201148987
