mesh,mesh_s,setup_s,solve_s
1024,455.2396500110626,164.44585585594177,875.0113871097565
