mesh,mesh_s,setup_s,solve_s
96,4.9908201694488525,20.936711311340332,210.47517442703247
