mesh,mesh_s,setup_s,solve_s
512,100.19046521186829,12.19407057762146,370.05729031562805
