mesh,mesh_s,setup_s,solve_s
96,9.473793029785156,7.1268110275268555,198.64664554595947
