ninput_dim,ninput,nproc,nodes,time_s
256,3.509224e+11,1,1,43
360,1.368907e+12,4,1,51
512,5.590477e+12,16,2,64
722,2.207852e+13,192,24,122