mesh,mesh_s,setup_s,solve_s
1536,1011.3703188896179,104.36125230789185,1390.3829038143158
