mesh,mesh_s,setup_s,solve_s
128,11.498845100402832,8.600287437438965,135.28041291236877
