mesh,mesh_s,setup_s,solve_s
96,5.379286766052246,8.205527782440186,130.73867559432983

