mesh,mesh_s,setup_s,solve_s
2048,1874.2711145877838,85.71908044815063,1000.6907248497009
