mesh,mesh_s,setup_s,solve_s
1536,1033.8367726802826,207.67921423912048,1507.3310062885284
