mesh,mesh_s,setup_s,solve_s
96,7.6866068840026855,6.727157831192017,108.56009078025818
