mesh,mesh_s,setup_s,solve_s
2048,1856.4169745445251,115.37217950820923,1095.353921175003
