mesh,mesh_s,setup_s,solve_s
96,6.153345108032227,7.145171403884888,118.65011286735535
2
