mesh,mesh_s,setup_s,solve_s
256,33.41744947433472,9.8293936252594,291.2508111000061
