mesh,mesh_s,setup_s,solve_s
512,101.28057909011841,13.471881866455078,373.0836977958679
