mesh,mesh_s,setup_s,solve_s
1024,455.7457206249237,165.31721448898315,909.1077926158905
