mesh,mesh_s,setup_s,solve_s
512,101.55972695350647,13.93755555152893,409.1133351325989
