mesh,mesh_s,setup_s,solve_s
128,12.496322870254517,8.39223051071167,237.3072545528412
