mesh,mesh_s,setup_s,solve_s
256,32.91714143753052,10.196660995483398,192.96872448921204
