mesh,mesh_s,setup_s,solve_s
512,104.56896495819092,20.100773572921753,453.79497718811035
