mesh,mesh_s,setup_s,solve_s
512,119.18942952156067,22.544416666030884,493.11244797706604
